{"category":"Metadata","name":"JellyBridge","version":"1.3.4.11","description":"Bridge Jellyfin with Jellyseerr for seamless show discovery and download requests","assemblies":["JellyBridge.dll"],"status":"Active","targetAbi":"10.11.0.0","guid":"8ecc808c-d6e9-432f-9219-b638fbfb37e6","owner":"kinggeorges12","changelog":"v1.3.4 - Added FavoriteEventHandler service to subscribe to favorite item events in Jellyfin. The service listens for UserDataSaved events and can trigger custom logic when items are favorited or unfavorited. This enables real-time processing of favorite changes instead of relying solely on scheduled sync tasks.","autoUpdate":true,"timestamp":"2025-11-14T18:17:08.251Z"}